Order_ID,Order_Date,Customer_Name,Category,Product,Quantity,Unit_Price,Discount_Percentge,Gross_Sales,Discount_Amount,Net_Sales,Profit
1001,2025-08-22,Deepa,Fashion,T-Shirt,4,2500.00,10.00,10000.00,1000.00,9000.00,1800.00
1002,2025-11-22,Naveen,Fashion,Shoes,4,1200.00,10.00,4800.00,480.00,4320.00,864.00
1003,2025-03-23,Suresh,Fashion,Jeans,6,500.00,10.00,3000.00,300.00,2700.00,540.00
1004,2025-08-31,Suresh,Grocery,Rice,6,500.00,15.00,3000.00,450.00,2550.00,510.00
1005,2025-12-04,Suresh,Fashion,Jeans,6,5000.00,15.00,30000.00,4500.00,25500.00,5100.00
1006,2025-10-09,Rahul,Fashion,Jeans,9,50000.00,15.00,450000.00,67500.00,382500.00,76500.00
1007,2025-05-09,Deepa,Grocery,Sugar,9,500.00,0.00,4500.00,0.00,4500.00,900.00
1008,2025-06-19,Suresh,Grocery,Rice,8,5000.00,2.00,40000.00,800.00,39200.00,7840.00
1009,2025-10-01,Lakshmi,Electronics,Headphones,2,20000.00,5.00,40000.00,2000.00,38000.00,7600.00
1010,2025-04-21,Ravi,Grocery,Oil,9,5000.00,10.00,45000.00,4500.00,40500.00,8100.00
1011,2025-12-08,Ravi,Fashion,Jeans,8,50000.00,10.00,400000.00,40000.00,360000.00,72000.00
1012,2025-08-21,Kiran,Fashion,Jeans,9,10000.00,0.00,90000.00,0.00,90000.00,18000.00
1013,2025-03-22,Pooja,Fashion,T-Shirt,10,800.00,10.00,8000.00,800.00,7200.00,1440.00
1014,2025-08-02,Pooja,Fashion,Jeans,5,500.00,15.00,2500.00,375.00,2125.00,425.00
1015,2025-03-22,Naveen,Grocery,Rice,1,800.00,15.00,800.00,120.00,680.00,136.00
1016,2025-09-11,Ravi,Grocery,Sugar,9,5000.00,10.00,45000.00,4500.00,40500.00,8100.00
1017,2025-12-12,Anil,Grocery,Sugar,1,1200.00,0.00,1200.00,0.00,1200.00,240.00
1018,2025-11-19,Deepa,Grocery,Rice,4,5000.00,10.00,20000.00,2000.00,18000.00,3600.00
1019,2025-10-17,Ravi,Fashion,Jeans,9,10000.00,2.00,90000.00,1800.00,88200.00,17640.00
1020,2025-01-31,Priya,Electronics,Mobile,3,50000.00,2.00,150000.00,3000.00,147000.00,29400.00
1021,2025-02-02,Lakshmi,Electronics,Mobile,6,500.00,10.00,3000.00,300.00,2700.00,540.00
1022,2025-09-25,Pooja,Grocery,Oil,2,1200.00,10.00,2400.00,240.00,2160.00,432.00
1023,2025-12-02,Deepa,Electronics,Laptop,9,20000.00,10.00,180000.00,18000.00,162000.00,32400.00
1024,2025-03-18,Pooja,Fashion,Jeans,8,5000.00,15.00,40000.00,6000.00,34000.00,6800.00
1025,2025-11-20,Rahul,Electronics,Laptop,8,5000.00,2.00,40000.00,800.00,39200.00,7840.00
1026,2025-06-25,Naveen,Electronics,Mobile,7,10000.00,15.00,70000.00,10500.00,59500.00,11900.00
1027,2025-07-19,Lakshmi,Grocery,Oil,3,10000.00,15.00,30000.00,4500.00,25500.00,5100.00
1028,2025-12-08,Suresh,Fashion,Jeans,7,2500.00,2.00,17500.00,350.00,17150.00,3430.00
1029,2025-01-07,Ravi,Electronics,Mobile,7,5000.00,0.00,35000.00,0.00,35000.00,7000.00
1030,2025-07-21,Suresh,Grocery,Rice,6,500.00,2.00,3000.00,60.00,2940.00,588.00
1031,2025-11-02,Naveen,Electronics,Headphones,1,20000.00,0.00,20000.00,0.00,20000.00,4000.00
1032,2025-09-10,Pooja,Grocery,Oil,8,800.00,5.00,6400.00,320.00,6080.00,1216.00
1033,2025-09-13,Suresh,Fashion,Shoes,2,500.00,15.00,1000.00,150.00,850.00,170.00
1034,2025-05-24,Lakshmi,Electronics,Headphones,3,5000.00,0.00,15000.00,0.00,15000.00,3000.00
1035,2025-07-06,Priya,Fashion,Shoes,10,5000.00,5.00,50000.00,2500.00,47500.00,9500.00
1036,2025-06-03,Ravi,Electronics,Headphones,8,5000.00,0.00,40000.00,0.00,40000.00,8000.00
1037,2025-07-16,Anil,Electronics,Laptop,4,5000.00,10.00,20000.00,2000.00,18000.00,3600.00
1038,2025-08-05,Anil,Electronics,Laptop,9,50000.00,10.00,450000.00,45000.00,405000.00,81000.00
1039,2025-12-03,Naveen,Electronics,Headphones,1,50000.00,5.00,50000.00,2500.00,47500.00,9500.00
1040,2025-09-13,Lakshmi,Fashion,T-Shirt,10,2500.00,5.00,25000.00,1250.00,23750.00,4750.00
1041,2025-10-19,Rahul,Fashion,Shoes,7,500.00,0.00,3500.00,0.00,3500.00,700.00
1042,2025-10-25,Rahul,Grocery,Rice,4,5000.00,15.00,20000.00,3000.00,17000.00,3400.00
1043,2025-11-01,Priya,Electronics,Mobile,1,800.00,5.00,800.00,40.00,760.00,152.00
1044,2025-08-05,Pooja,Electronics,Mobile,7,500.00,0.00,3500.00,0.00,3500.00,700.00
1045,2025-03-13,Rahul,Grocery,Oil,1,800.00,15.00,800.00,120.00,680.00,136.00
1046,2025-01-09,Suresh,Fashion,Shoes,5,5000.00,5.00,25000.00,1250.00,23750.00,4750.00
1047,2025-03-30,Ravi,Electronics,Mobile,10,20000.00,0.00,200000.00,0.00,200000.00,40000.00
1048,2025-09-06,Lakshmi,Grocery,Rice,5,2500.00,15.00,12500.00,1875.00,10625.00,2125.00
1049,2025-05-31,Naveen,Grocery,Rice,10,2500.00,2.00,25000.00,500.00,24500.00,4900.00
1050,2025-08-28,Rahul,Electronics,Headphones,4,5000.00,5.00,20000.00,1000.00,19000.00,3800.00
1051,2025-02-17,Kiran,Fashion,T-Shirt,6,50000.00,10.00,300000.00,30000.00,270000.00,54000.00
1052,2025-05-20,Lakshmi,Electronics,Laptop,7,1200.00,15.00,8400.00,1260.00,7140.00,1428.00
1053,2025-07-17,Lakshmi,Grocery,Rice,9,50000.00,10.00,450000.00,45000.00,405000.00,81000.00
1054,2025-09-30,Kiran,Electronics,Laptop,1,2500.00,2.00,2500.00,50.00,2450.00,490.00
1055,2025-07-10,Naveen,Fashion,Shoes,9,50000.00,0.00,450000.00,0.00,450000.00,90000.00
1056,2025-11-11,Rahul,Electronics,Headphones,5,5000.00,0.00,25000.00,0.00,25000.00,5000.00
1057,2025-03-29,Kiran,Grocery,Sugar,7,1200.00,10.00,8400.00,840.00,7560.00,1512.00
1058,2025-06-15,Kiran,Electronics,Laptop,10,50000.00,2.00,500000.00,10000.00,490000.00,98000.00
1059,2025-04-28,Suresh,Electronics,Laptop,7,800.00,0.00,5600.00,0.00,5600.00,1120.00
1060,2025-04-16,Suresh,Grocery,Sugar,10,1200.00,5.00,12000.00,600.00,11400.00,2280.00
1061,2025-07-07,Suresh,Fashion,Shoes,9,500.00,15.00,4500.00,675.00,3825.00,765.00
1062,2025-03-14,Pooja,Electronics,Headphones,5,50000.00,0.00,250000.00,0.00,250000.00,50000.00
1063,2025-02-26,Pooja,Fashion,T-Shirt,1,800.00,15.00,800.00,120.00,680.00,136.00
1064,2025-04-30,Deepa,Fashion,T-Shirt,4,5000.00,2.00,20000.00,400.00,19600.00,3920.00
1065,2025-02-09,Rahul,Fashion,Jeans,5,10000.00,5.00,50000.00,2500.00,47500.00,9500.00
1066,2025-04-23,Anil,Fashion,T-Shirt,10,20000.00,10.00,200000.00,20000.00,180000.00,36000.00
1067,2025-07-09,Lakshmi,Electronics,Laptop,5,1200.00,15.00,6000.00,900.00,5100.00,1020.00
1068,2025-12-31,Suresh,Electronics,Mobile,1,5000.00,2.00,5000.00,100.00,4900.00,980.00
1069,2025-07-25,Priya,Fashion,T-Shirt,4,10000.00,15.00,40000.00,6000.00,34000.00,6800.00
1070,2025-03-04,Pooja,Fashion,T-Shirt,5,10000.00,5.00,50000.00,2500.00,47500.00,9500.00
1071,2025-06-02,Priya,Fashion,Shoes,6,1200.00,10.00,7200.00,720.00,6480.00,1296.00
1072,2025-11-12,Naveen,Electronics,Laptop,2,20000.00,2.00,40000.00,800.00,39200.00,7840.00
1073,2025-07-20,Suresh,Electronics,Headphones,10,50000.00,15.00,500000.00,75000.00,425000.00,85000.00
1074,2025-04-24,Kiran,Electronics,Laptop,10,500.00,15.00,5000.00,750.00,4250.00,850.00
1075,2025-05-31,Deepa,Fashion,Shoes,8,2500.00,15.00,20000.00,3000.00,17000.00,3400.00
1076,2025-03-21,Lakshmi,Grocery,Sugar,5,20000.00,5.00,100000.00,5000.00,95000.00,19000.00
1077,2025-01-25,Kiran,Grocery,Rice,8,800.00,2.00,6400.00,128.00,6272.00,1254.40
1078,2025-07-09,Priya,Grocery,Rice,9,2500.00,10.00,22500.00,2250.00,20250.00,4050.00
1079,2025-11-11,Kiran,Electronics,Headphones,9,10000.00,5.00,90000.00,4500.00,85500.00,17100.00
1080,2025-04-19,Ravi,Grocery,Rice,6,20000.00,2.00,120000.00,2400.00,117600.00,23520.00
1081,2025-01-25,Naveen,Grocery,Oil,7,5000.00,10.00,35000.00,3500.00,31500.00,6300.00
1082,2025-03-06,Priya,Electronics,Laptop,10,5000.00,5.00,50000.00,2500.00,47500.00,9500.00
1083,2025-06-11,Kiran,Electronics,Headphones,9,500.00,15.00,4500.00,675.00,3825.00,765.00
1084,2025-05-31,Naveen,Fashion,Jeans,1,800.00,2.00,800.00,16.00,784.00,156.80
1085,2025-05-22,Priya,Grocery,Sugar,7,5000.00,10.00,35000.00,3500.00,31500.00,6300.00
1086,2025-01-02,Priya,Fashion,T-Shirt,4,2500.00,0.00,10000.00,0.00,10000.00,2000.00
1087,2025-01-05,Naveen,Electronics,Laptop,10,800.00,2.00,8000.00,160.00,7840.00,1568.00
1088,2025-07-28,Priya,Electronics,Laptop,3,10000.00,2.00,30000.00,600.00,29400.00,5880.00
1089,2025-07-02,Deepa,Electronics,Laptop,6,5000.00,5.00,30000.00,1500.00,28500.00,5700.00
1090,2025-02-25,Suresh,Fashion,Shoes,9,5000.00,5.00,45000.00,2250.00,42750.00,8550.00
1091,2025-06-18,Anil,Fashion,T-Shirt,7,10000.00,10.00,70000.00,7000.00,63000.00,12600.00
1092,2025-04-07,Deepa,Fashion,Shoes,5,20000.00,2.00,100000.00,2000.00,98000.00,19600.00
1093,2025-10-29,Deepa,Grocery,Rice,1,2500.00,2.00,2500.00,50.00,2450.00,490.00
1094,2025-10-19,Pooja,Grocery,Sugar,4,50000.00,2.00,200000.00,4000.00,196000.00,39200.00
1095,2025-10-25,Kiran,Grocery,Rice,10,2500.00,15.00,25000.00,3750.00,21250.00,4250.00
1096,2025-05-25,Kiran,Electronics,Headphones,6,800.00,15.00,4800.00,720.00,4080.00,816.00
1097,2025-11-21,Anil,Electronics,Headphones,7,50000.00,0.00,350000.00,0.00,350000.00,70000.00
1098,2025-12-12,Deepa,Electronics,Laptop,4,20000.00,0.00,80000.00,0.00,80000.00,16000.00
1099,2025-04-29,Pooja,Electronics,Mobile,4,2500.00,15.00,10000.00,1500.00,8500.00,1700.00
1100,2025-10-25,Kiran,Grocery,Rice,5,1200.00,10.00,6000.00,600.00,5400.00,1080.00
1101,2025-10-24,Naveen,Electronics,Laptop,10,800.00,0.00,8000.00,0.00,8000.00,1600.00
1102,2025-05-17,Priya,Fashion,Shoes,5,800.00,2.00,4000.00,80.00,3920.00,784.00
1103,2025-09-29,Naveen,Grocery,Oil,1,2500.00,5.00,2500.00,125.00,2375.00,475.00
1104,2025-11-16,Priya,Fashion,Shoes,1,50000.00,15.00,50000.00,7500.00,42500.00,8500.00
1105,2025-01-13,Suresh,Grocery,Sugar,7,2500.00,15.00,17500.00,2625.00,14875.00,2975.00
1106,2025-06-05,Rahul,Grocery,Rice,3,2500.00,10.00,7500.00,750.00,6750.00,1350.00
1107,2025-01-15,Priya,Fashion,Shoes,9,5000.00,5.00,45000.00,2250.00,42750.00,8550.00
1108,2025-03-27,Deepa,Grocery,Sugar,7,2500.00,0.00,17500.00,0.00,17500.00,3500.00
1109,2025-05-05,Lakshmi,Electronics,Mobile,9,50000.00,0.00,450000.00,0.00,450000.00,90000.00
1110,2025-11-24,Priya,Grocery,Sugar,1,20000.00,5.00,20000.00,1000.00,19000.00,3800.00
1111,2025-01-25,Anil,Fashion,Jeans,1,10000.00,0.00,10000.00,0.00,10000.00,2000.00
1112,2025-05-20,Rahul,Grocery,Sugar,7,5000.00,0.00,35000.00,0.00,35000.00,7000.00
1113,2025-12-15,Priya,Electronics,Laptop,10,5000.00,15.00,50000.00,7500.00,42500.00,8500.00
1114,2025-10-14,Naveen,Grocery,Rice,8,2500.00,10.00,20000.00,2000.00,18000.00,3600.00
1115,2025-07-01,Kiran,Fashion,Jeans,5,10000.00,10.00,50000.00,5000.00,45000.00,9000.00
1116,2025-07-09,Rahul,Fashion,Shoes,8,10000.00,5.00,80000.00,4000.00,76000.00,15200.00
1117,2025-07-29,Naveen,Electronics,Laptop,5,20000.00,2.00,100000.00,2000.00,98000.00,19600.00
1118,2025-11-05,Pooja,Fashion,Shoes,6,500.00,2.00,3000.00,60.00,2940.00,588.00
1119,2025-11-09,Deepa,Grocery,Oil,5,1200.00,2.00,6000.00,120.00,5880.00,1176.00
1120,2025-06-08,Anil,Electronics,Headphones,8,50000.00,15.00,400000.00,60000.00,340000.00,68000.00
1121,2025-10-25,Lakshmi,Grocery,Rice,4,5000.00,10.00,20000.00,2000.00,18000.00,3600.00
1122,2025-07-28,Suresh,Fashion,Jeans,1,1200.00,5.00,1200.00,60.00,1140.00,228.00
1123,2025-02-07,Lakshmi,Grocery,Oil,1,2500.00,0.00,2500.00,0.00,2500.00,500.00
1124,2025-01-16,Pooja,Fashion,T-Shirt,2,2500.00,15.00,5000.00,750.00,4250.00,850.00
1125,2025-08-02,Suresh,Electronics,Laptop,8,2500.00,0.00,20000.00,0.00,20000.00,4000.00
1126,2025-11-07,Lakshmi,Grocery,Sugar,2,20000.00,0.00,40000.00,0.00,40000.00,8000.00
1127,2025-07-23,Anil,Grocery,Rice,2,10000.00,0.00,20000.00,0.00,20000.00,4000.00
1128,2025-05-07,Priya,Grocery,Sugar,4,1200.00,5.00,4800.00,240.00,4560.00,912.00
1129,2025-12-08,Priya,Fashion,T-Shirt,6,50000.00,0.00,300000.00,0.00,300000.00,60000.00
1130,2025-07-31,Kiran,Fashion,T-Shirt,7,1200.00,10.00,8400.00,840.00,7560.00,1512.00
1131,2025-03-04,Naveen,Fashion,Jeans,7,800.00,2.00,5600.00,112.00,5488.00,1097.60
1132,2025-08-30,Anil,Grocery,Rice,4,500.00,5.00,2000.00,100.00,1900.00,380.00
1133,2025-03-24,Naveen,Fashion,T-Shirt,9,2500.00,15.00,22500.00,3375.00,19125.00,3825.00
1134,2025-03-21,Naveen,Fashion,Shoes,3,50000.00,2.00,150000.00,3000.00,147000.00,29400.00
1135,2025-09-08,Deepa,Grocery,Rice,10,2500.00,15.00,25000.00,3750.00,21250.00,4250.00
1136,2025-03-10,Priya,Grocery,Sugar,3,5000.00,10.00,15000.00,1500.00,13500.00,2700.00
1137,2025-10-20,Rahul,Fashion,Shoes,3,2500.00,10.00,7500.00,750.00,6750.00,1350.00
1138,2025-12-17,Priya,Grocery,Oil,6,10000.00,2.00,60000.00,1200.00,58800.00,11760.00
1139,2025-04-06,Naveen,Electronics,Laptop,10,10000.00,5.00,100000.00,5000.00,95000.00,19000.00
1140,2025-07-08,Deepa,Fashion,Shoes,4,10000.00,5.00,40000.00,2000.00,38000.00,7600.00
1141,2025-06-14,Lakshmi,Electronics,Mobile,8,800.00,15.00,6400.00,960.00,5440.00,1088.00
1142,2025-09-25,Deepa,Electronics,Mobile,10,20000.00,5.00,200000.00,10000.00,190000.00,38000.00
1143,2025-03-04,Anil,Fashion,T-Shirt,6,50000.00,5.00,300000.00,15000.00,285000.00,57000.00
1144,2025-03-31,Priya,Electronics,Headphones,4,5000.00,0.00,20000.00,0.00,20000.00,4000.00
1145,2025-06-11,Rahul,Fashion,T-Shirt,1,50000.00,15.00,50000.00,7500.00,42500.00,8500.00
1146,2025-05-19,Priya,Fashion,Jeans,6,500.00,0.00,3000.00,0.00,3000.00,600.00
1147,2025-03-06,Deepa,Electronics,Mobile,8,500.00,5.00,4000.00,200.00,3800.00,760.00
1148,2025-08-02,Kiran,Fashion,T-Shirt,1,1200.00,15.00,1200.00,180.00,1020.00,204.00
1149,2025-03-29,Rahul,Fashion,Jeans,9,5000.00,10.00,45000.00,4500.00,40500.00,8100.00
1150,2025-12-05,Rahul,Fashion,T-Shirt,6,50000.00,15.00,300000.00,45000.00,255000.00,51000.00
1151,2025-02-06,Anil,Electronics,Laptop,4,5000.00,15.00,20000.00,3000.00,17000.00,3400.00
1152,2025-10-17,Deepa,Fashion,Jeans,1,5000.00,15.00,5000.00,750.00,4250.00,850.00
1153,2025-05-09,Naveen,Grocery,Rice,7,5000.00,0.00,35000.00,0.00,35000.00,7000.00
1154,2025-07-06,Anil,Grocery,Rice,10,2500.00,5.00,25000.00,1250.00,23750.00,4750.00
1155,2025-10-19,Priya,Electronics,Laptop,9,800.00,10.00,7200.00,720.00,6480.00,1296.00
1156,2025-06-17,Lakshmi,Fashion,Jeans,1,50000.00,10.00,50000.00,5000.00,45000.00,9000.00
1157,2025-08-02,Rahul,Fashion,T-Shirt,1,800.00,5.00,800.00,40.00,760.00,152.00
1158,2025-02-19,Suresh,Fashion,Jeans,4,10000.00,5.00,40000.00,2000.00,38000.00,7600.00
1159,2025-01-16,Ravi,Fashion,Jeans,8,1200.00,5.00,9600.00,480.00,9120.00,1824.00
1160,2025-07-10,Anil,Electronics,Laptop,6,20000.00,5.00,120000.00,6000.00,114000.00,22800.00
1161,2025-11-10,Kiran,Grocery,Rice,4,20000.00,0.00,80000.00,0.00,80000.00,16000.00
1162,2025-06-28,Lakshmi,Grocery,Sugar,1,5000.00,2.00,5000.00,100.00,4900.00,980.00
1163,2025-12-18,Naveen,Grocery,Oil,5,2500.00,15.00,12500.00,1875.00,10625.00,2125.00
1164,2025-12-10,Deepa,Fashion,Shoes,6,2500.00,10.00,15000.00,1500.00,13500.00,2700.00
1165,2025-04-10,Kiran,Fashion,Shoes,7,50000.00,2.00,350000.00,7000.00,343000.00,68600.00
1166,2025-09-06,Naveen,Grocery,Oil,5,10000.00,5.00,50000.00,2500.00,47500.00,9500.00
1167,2025-12-03,Lakshmi,Grocery,Sugar,10,5000.00,2.00,50000.00,1000.00,49000.00,9800.00
1168,2025-07-17,Deepa,Grocery,Sugar,9,20000.00,10.00,180000.00,18000.00,162000.00,32400.00
1169,2025-06-25,Naveen,Grocery,Sugar,1,50000.00,15.00,50000.00,7500.00,42500.00,8500.00
1170,2025-07-24,Suresh,Fashion,T-Shirt,3,5000.00,5.00,15000.00,750.00,14250.00,2850.00
1171,2025-01-30,Lakshmi,Fashion,Shoes,10,1200.00,2.00,12000.00,240.00,11760.00,2352.00
1172,2025-01-13,Priya,Electronics,Headphones,5,1200.00,15.00,6000.00,900.00,5100.00,1020.00
1173,2025-12-04,Lakshmi,Electronics,Mobile,3,500.00,10.00,1500.00,150.00,1350.00,270.00
1174,2025-08-04,Anil,Grocery,Rice,5,20000.00,5.00,100000.00,5000.00,95000.00,19000.00
1175,2025-08-20,Rahul,Electronics,Mobile,2,5000.00,2.00,10000.00,200.00,9800.00,1960.00
1176,2025-01-03,Anil,Electronics,Mobile,4,1200.00,5.00,4800.00,240.00,4560.00,912.00
1177,2025-07-16,Ravi,Fashion,T-Shirt,5,800.00,15.00,4000.00,600.00,3400.00,680.00
1178,2025-12-13,Anil,Grocery,Rice,10,5000.00,5.00,50000.00,2500.00,47500.00,9500.00
1179,2025-08-15,Suresh,Electronics,Headphones,5,20000.00,10.00,100000.00,10000.00,90000.00,18000.00
1180,2025-04-09,Suresh,Electronics,Headphones,4,800.00,10.00,3200.00,320.00,2880.00,576.00
1181,2025-02-16,Kiran,Fashion,Shoes,9,10000.00,15.00,90000.00,13500.00,76500.00,15300.00
1182,2025-01-22,Priya,Grocery,Sugar,8,50000.00,5.00,400000.00,20000.00,380000.00,76000.00
1183,2025-06-28,Rahul,Electronics,Mobile,9,1200.00,2.00,10800.00,216.00,10584.00,2116.80
1184,2025-03-29,Naveen,Electronics,Laptop,3,1200.00,15.00,3600.00,540.00,3060.00,612.00
1185,2025-12-26,Rahul,Fashion,Shoes,1,500.00,2.00,500.00,10.00,490.00,98.00
1186,2025-06-23,Deepa,Fashion,Shoes,5,2500.00,5.00,12500.00,625.00,11875.00,2375.00
1187,2025-08-04,Naveen,Grocery,Rice,6,500.00,10.00,3000.00,300.00,2700.00,540.00
1188,2025-08-23,Deepa,Grocery,Rice,10,5000.00,0.00,50000.00,0.00,50000.00,10000.00
1189,2025-07-03,Lakshmi,Grocery,Sugar,1,10000.00,10.00,10000.00,1000.00,9000.00,1800.00
1190,2025-10-06,Kiran,Fashion,T-Shirt,1,800.00,10.00,800.00,80.00,720.00,144.00
1191,2025-11-04,Deepa,Electronics,Headphones,7,800.00,2.00,5600.00,112.00,5488.00,1097.60
1192,2025-09-18,Anil,Fashion,Jeans,1,20000.00,2.00,20000.00,400.00,19600.00,3920.00
1193,2025-04-24,Anil,Fashion,Shoes,5,10000.00,2.00,50000.00,1000.00,49000.00,9800.00
1194,2025-01-08,Rahul,Electronics,Mobile,9,2500.00,15.00,22500.00,3375.00,19125.00,3825.00
1195,2025-04-11,Lakshmi,Grocery,Sugar,4,2500.00,2.00,10000.00,200.00,9800.00,1960.00
1196,2025-08-12,Naveen,Fashion,T-Shirt,7,50000.00,5.00,350000.00,17500.00,332500.00,66500.00
1197,2025-09-11,Suresh,Electronics,Headphones,5,10000.00,0.00,50000.00,0.00,50000.00,10000.00
1198,2025-08-08,Naveen,Grocery,Oil,2,1200.00,2.00,2400.00,48.00,2352.00,470.40
1199,2025-02-19,Suresh,Electronics,Mobile,2,800.00,5.00,1600.00,80.00,1520.00,304.00
1200,2025-07-27,Lakshmi,Electronics,Headphones,7,50000.00,2.00,350000.00,7000.00,343000.00,68600.00
1201,2025-01-21,Suresh,Grocery,Sugar,8,500.00,2.00,4000.00,80.00,3920.00,784.00
1202,2025-12-13,Priya,Electronics,Laptop,4,20000.00,0.00,80000.00,0.00,80000.00,16000.00
1203,2025-09-28,Pooja,Grocery,Oil,6,5000.00,2.00,30000.00,600.00,29400.00,5880.00
1204,2025-08-17,Anil,Fashion,T-Shirt,3,2500.00,2.00,7500.00,150.00,7350.00,1470.00
1205,2025-08-10,Suresh,Fashion,T-Shirt,9,20000.00,15.00,180000.00,27000.00,153000.00,30600.00
1206,2025-12-24,Suresh,Electronics,Laptop,6,500.00,15.00,3000.00,450.00,2550.00,510.00
1207,2025-03-26,Anil,Grocery,Sugar,5,5000.00,10.00,25000.00,2500.00,22500.00,4500.00
1208,2025-05-12,Rahul,Fashion,T-Shirt,5,2500.00,0.00,12500.00,0.00,12500.00,2500.00
1209,2025-12-16,Pooja,Fashion,Jeans,1,800.00,0.00,800.00,0.00,800.00,160.00
1210,2025-01-16,Deepa,Grocery,Sugar,4,5000.00,15.00,20000.00,3000.00,17000.00,3400.00
1211,2025-05-31,Suresh,Grocery,Oil,7,20000.00,0.00,140000.00,0.00,140000.00,28000.00
1212,2025-08-01,Priya,Electronics,Laptop,3,2500.00,15.00,7500.00,1125.00,6375.00,1275.00
1213,2025-02-28,Deepa,Electronics,Mobile,3,5000.00,2.00,15000.00,300.00,14700.00,2940.00
1214,2025-12-05,Lakshmi,Electronics,Mobile,10,20000.00,0.00,200000.00,0.00,200000.00,40000.00
1215,2025-12-06,Suresh,Grocery,Oil,9,1200.00,10.00,10800.00,1080.00,9720.00,1944.00
1216,2025-10-22,Anil,Grocery,Sugar,1,2500.00,2.00,2500.00,50.00,2450.00,490.00
1217,2025-10-09,Deepa,Fashion,T-Shirt,8,50000.00,0.00,400000.00,0.00,400000.00,80000.00
1218,2025-05-22,Ravi,Grocery,Sugar,1,2500.00,0.00,2500.00,0.00,2500.00,500.00
1219,2025-07-02,Suresh,Grocery,Oil,10,50000.00,10.00,500000.00,50000.00,450000.00,90000.00
1220,2025-04-20,Priya,Fashion,Jeans,4,10000.00,15.00,40000.00,6000.00,34000.00,6800.00
1221,2025-03-07,Ravi,Fashion,T-Shirt,8,5000.00,5.00,40000.00,2000.00,38000.00,7600.00
1222,2025-05-05,Naveen,Electronics,Headphones,7,1200.00,5.00,8400.00,420.00,7980.00,1596.00
1223,2025-10-30,Deepa,Grocery,Rice,8,800.00,15.00,6400.00,960.00,5440.00,1088.00
1224,2025-03-16,Priya,Fashion,Shoes,9,5000.00,5.00,45000.00,2250.00,42750.00,8550.00
1225,2025-02-27,Deepa,Fashion,Shoes,1,500.00,10.00,500.00,50.00,450.00,90.00
1226,2025-03-01,Lakshmi,Fashion,Jeans,1,20000.00,15.00,20000.00,3000.00,17000.00,3400.00
1227,2025-06-21,Ravi,Fashion,Jeans,10,1200.00,15.00,12000.00,1800.00,10200.00,2040.00
1228,2025-08-28,Anil,Fashion,Shoes,7,2500.00,2.00,17500.00,350.00,17150.00,3430.00
1229,2025-10-29,Naveen,Grocery,Oil,7,800.00,2.00,5600.00,112.00,5488.00,1097.60
1230,2025-07-30,Rahul,Fashion,Jeans,1,2500.00,15.00,2500.00,375.00,2125.00,425.00
1231,2025-03-17,Ravi,Fashion,Shoes,1,800.00,10.00,800.00,80.00,720.00,144.00
1232,2025-10-08,Rahul,Grocery,Sugar,8,10000.00,5.00,80000.00,4000.00,76000.00,15200.00
1233,2025-05-16,Pooja,Grocery,Oil,2,50000.00,5.00,100000.00,5000.00,95000.00,19000.00
1234,2025-04-11,Rahul,Electronics,Headphones,6,800.00,15.00,4800.00,720.00,4080.00,816.00
1235,2025-10-13,Kiran,Fashion,T-Shirt,9,500.00,15.00,4500.00,675.00,3825.00,765.00
1236,2025-09-03,Pooja,Fashion,Jeans,6,50000.00,2.00,300000.00,6000.00,294000.00,58800.00
1237,2025-06-23,Lakshmi,Electronics,Mobile,9,50000.00,0.00,450000.00,0.00,450000.00,90000.00
1238,2025-06-13,Anil,Grocery,Rice,7,10000.00,10.00,70000.00,7000.00,63000.00,12600.00
1239,2025-07-17,Ravi,Fashion,T-Shirt,6,1200.00,0.00,7200.00,0.00,7200.00,1440.00
1240,2025-01-11,Pooja,Grocery,Oil,6,800.00,2.00,4800.00,96.00,4704.00,940.80
1241,2025-05-01,Deepa,Electronics,Headphones,9,50000.00,5.00,450000.00,22500.00,427500.00,85500.00
1242,2025-10-12,Anil,Fashion,Jeans,7,5000.00,15.00,35000.00,5250.00,29750.00,5950.00
1243,2025-05-06,Deepa,Electronics,Headphones,4,5000.00,15.00,20000.00,3000.00,17000.00,3400.00
1244,2025-03-12,Naveen,Fashion,Shoes,9,1200.00,2.00,10800.00,216.00,10584.00,2116.80
1245,2025-12-27,Kiran,Electronics,Mobile,9,10000.00,10.00,90000.00,9000.00,81000.00,16200.00
1246,2025-05-27,Pooja,Electronics,Headphones,6,50000.00,2.00,300000.00,6000.00,294000.00,58800.00
1247,2025-09-26,Priya,Grocery,Rice,7,20000.00,10.00,140000.00,14000.00,126000.00,25200.00
1248,2025-05-07,Anil,Electronics,Mobile,4,20000.00,5.00,80000.00,4000.00,76000.00,15200.00
1249,2025-10-05,Naveen,Grocery,Sugar,4,20000.00,5.00,80000.00,4000.00,76000.00,15200.00
1250,2025-02-15,Ravi,Fashion,Shoes,10,10000.00,0.00,100000.00,0.00,100000.00,20000.00
1251,2025-03-25,Kiran,Fashion,T-Shirt,5,2500.00,5.00,12500.00,625.00,11875.00,2375.00
1252,2025-04-04,Priya,Electronics,Mobile,6,50000.00,10.00,300000.00,30000.00,270000.00,54000.00
1253,2025-05-31,Deepa,Grocery,Sugar,2,1200.00,2.00,2400.00,48.00,2352.00,470.40
1254,2025-11-03,Naveen,Fashion,Jeans,7,1200.00,2.00,8400.00,168.00,8232.00,1646.40
1255,2025-02-26,Anil,Fashion,Shoes,7,2500.00,2.00,17500.00,350.00,17150.00,3430.00
1256,2025-01-15,Lakshmi,Electronics,Laptop,4,5000.00,2.00,20000.00,400.00,19600.00,3920.00
1257,2025-08-17,Pooja,Electronics,Headphones,9,2500.00,0.00,22500.00,0.00,22500.00,4500.00
1258,2026-01-01,Suresh,Grocery,Oil,10,2500.00,15.00,25000.00,3750.00,21250.00,4250.00
1259,2025-08-15,Ravi,Electronics,Laptop,8,5000.00,0.00,40000.00,0.00,40000.00,8000.00
1260,2025-05-31,Kiran,Fashion,Jeans,9,50000.00,2.00,450000.00,9000.00,441000.00,88200.00
1261,2025-09-01,Naveen,Grocery,Sugar,5,500.00,5.00,2500.00,125.00,2375.00,475.00
1262,2025-05-25,Pooja,Fashion,Shoes,5,5000.00,15.00,25000.00,3750.00,21250.00,4250.00
1263,2025-08-15,Deepa,Electronics,Mobile,2,20000.00,5.00,40000.00,2000.00,38000.00,7600.00
1264,2025-02-17,Lakshmi,Grocery,Rice,7,800.00,5.00,5600.00,280.00,5320.00,1064.00
1265,2025-10-15,Deepa,Electronics,Headphones,3,1200.00,2.00,3600.00,72.00,3528.00,705.60
1266,2025-05-31,Suresh,Electronics,Laptop,5,800.00,10.00,4000.00,400.00,3600.00,720.00
1267,2025-09-09,Kiran,Electronics,Mobile,4,50000.00,15.00,200000.00,30000.00,170000.00,34000.00
1268,2025-02-13,Suresh,Electronics,Headphones,6,2500.00,10.00,15000.00,1500.00,13500.00,2700.00
1269,2025-04-11,Priya,Grocery,Oil,6,800.00,15.00,4800.00,720.00,4080.00,816.00
1270,2025-01-25,Rahul,Grocery,Oil,5,2500.00,5.00,12500.00,625.00,11875.00,2375.00
1271,2025-07-10,Anil,Electronics,Mobile,10,1200.00,2.00,12000.00,240.00,11760.00,2352.00
1272,2025-11-23,Priya,Grocery,Oil,1,500.00,5.00,500.00,25.00,475.00,95.00
1273,2025-05-14,Rahul,Grocery,Rice,5,20000.00,5.00,100000.00,5000.00,95000.00,19000.00
1274,2025-07-06,Priya,Grocery,Sugar,4,50000.00,10.00,200000.00,20000.00,180000.00,36000.00
1275,2025-04-24,Rahul,Grocery,Sugar,9,10000.00,2.00,90000.00,1800.00,88200.00,17640.00
1276,2025-12-21,Anil,Fashion,Shoes,6,20000.00,2.00,120000.00,2400.00,117600.00,23520.00
1277,2025-03-22,Naveen,Grocery,Oil,4,1200.00,0.00,4800.00,0.00,4800.00,960.00
1278,2025-07-13,Priya,Fashion,Jeans,8,10000.00,5.00,80000.00,4000.00,76000.00,15200.00
1279,2025-10-11,Rahul,Electronics,Laptop,2,500.00,15.00,1000.00,150.00,850.00,170.00
1280,2025-07-02,Kiran,Grocery,Rice,4,500.00,15.00,2000.00,300.00,1700.00,340.00
1281,2025-05-18,Deepa,Electronics,Laptop,8,5000.00,15.00,40000.00,6000.00,34000.00,6800.00
1282,2025-11-18,Pooja,Fashion,Jeans,3,10000.00,2.00,30000.00,600.00,29400.00,5880.00
1283,2025-08-30,Kiran,Electronics,Laptop,8,5000.00,2.00,40000.00,800.00,39200.00,7840.00
1284,2025-09-18,Lakshmi,Fashion,Shoes,3,50000.00,2.00,150000.00,3000.00,147000.00,29400.00
1285,2025-10-24,Deepa,Electronics,Mobile,3,800.00,5.00,2400.00,120.00,2280.00,456.00
1286,2025-10-02,Kiran,Electronics,Mobile,10,5000.00,5.00,50000.00,2500.00,47500.00,9500.00
1287,2025-05-28,Naveen,Fashion,T-Shirt,7,10000.00,15.00,70000.00,10500.00,59500.00,11900.00
1288,2025-05-16,Pooja,Fashion,Jeans,2,50000.00,15.00,100000.00,15000.00,85000.00,17000.00
1289,2025-09-09,Deepa,Fashion,Jeans,4,50000.00,15.00,200000.00,30000.00,170000.00,34000.00
1290,2025-09-02,Rahul,Fashion,Jeans,2,50000.00,2.00,100000.00,2000.00,98000.00,19600.00
1291,2025-12-10,Rahul,Fashion,T-Shirt,7,10000.00,15.00,70000.00,10500.00,59500.00,11900.00
1292,2025-06-10,Anil,Electronics,Laptop,8,10000.00,0.00,80000.00,0.00,80000.00,16000.00
1293,2025-04-14,Ravi,Grocery,Rice,4,50000.00,15.00,200000.00,30000.00,170000.00,34000.00
1294,2025-07-06,Rahul,Grocery,Oil,5,20000.00,0.00,100000.00,0.00,100000.00,20000.00
1295,2025-10-16,Naveen,Electronics,Headphones,4,500.00,15.00,2000.00,300.00,1700.00,340.00
1296,2025-06-03,Lakshmi,Electronics,Laptop,6,20000.00,5.00,120000.00,6000.00,114000.00,22800.00
1297,2025-04-22,Lakshmi,Electronics,Laptop,2,1200.00,10.00,2400.00,240.00,2160.00,432.00
1298,2025-12-13,Priya,Electronics,Laptop,1,20000.00,0.00,20000.00,0.00,20000.00,4000.00
1299,2025-06-26,Ravi,Fashion,Shoes,4,10000.00,0.00,40000.00,0.00,40000.00,8000.00
1300,2025-03-29,Pooja,Electronics,Headphones,7,5000.00,15.00,35000.00,5250.00,29750.00,5950.00
1301,2025-03-25,Suresh,Electronics,Mobile,3,500.00,15.00,1500.00,225.00,1275.00,255.00
1302,2025-06-23,Lakshmi,Fashion,T-Shirt,5,800.00,5.00,4000.00,200.00,3800.00,760.00
1303,2025-04-27,Lakshmi,Grocery,Oil,3,5000.00,10.00,15000.00,1500.00,13500.00,2700.00
1304,2025-12-15,Kiran,Grocery,Oil,6,5000.00,5.00,30000.00,1500.00,28500.00,5700.00
1305,2025-07-02,Naveen,Fashion,Shoes,3,50000.00,0.00,150000.00,0.00,150000.00,30000.00
1306,2025-03-27,Ravi,Grocery,Oil,9,500.00,2.00,4500.00,90.00,4410.00,882.00
1307,2025-02-05,Kiran,Grocery,Sugar,5,10000.00,5.00,50000.00,2500.00,47500.00,9500.00
1308,2025-04-19,Priya,Fashion,Jeans,10,10000.00,2.00,100000.00,2000.00,98000.00,19600.00
1309,2025-02-12,Suresh,Electronics,Laptop,6,800.00,5.00,4800.00,240.00,4560.00,912.00
1310,2025-07-13,Lakshmi,Electronics,Headphones,1,10000.00,0.00,10000.00,0.00,10000.00,2000.00
1311,2025-09-29,Ravi,Fashion,Shoes,9,2500.00,5.00,22500.00,1125.00,21375.00,4275.00
1312,2025-08-27,Priya,Grocery,Rice,9,20000.00,5.00,180000.00,9000.00,171000.00,34200.00
1313,2025-07-05,Anil,Fashion,T-Shirt,9,1200.00,0.00,10800.00,0.00,10800.00,2160.00
1314,2025-01-13,Suresh,Electronics,Laptop,5,1200.00,2.00,6000.00,120.00,5880.00,1176.00
1315,2025-10-30,Naveen,Electronics,Laptop,5,500.00,15.00,2500.00,375.00,2125.00,425.00
1316,2025-02-23,Suresh,Electronics,Mobile,3,500.00,5.00,1500.00,75.00,1425.00,285.00
1317,2025-08-16,Pooja,Grocery,Sugar,9,20000.00,15.00,180000.00,27000.00,153000.00,30600.00
1318,2025-10-28,Lakshmi,Fashion,Jeans,7,800.00,5.00,5600.00,280.00,5320.00,1064.00
1319,2025-01-29,Pooja,Electronics,Headphones,8,20000.00,5.00,160000.00,8000.00,152000.00,30400.00
1320,2025-02-15,Lakshmi,Electronics,Laptop,6,1200.00,0.00,7200.00,0.00,7200.00,1440.00
1321,2025-05-30,Anil,Fashion,Shoes,10,800.00,0.00,8000.00,0.00,8000.00,1600.00
1322,2025-05-31,Priya,Grocery,Sugar,5,5000.00,0.00,25000.00,0.00,25000.00,5000.00
1323,2025-04-23,Kiran,Grocery,Rice,6,500.00,0.00,3000.00,0.00,3000.00,600.00
1324,2025-07-01,Lakshmi,Electronics,Laptop,2,20000.00,0.00,40000.00,0.00,40000.00,8000.00
1325,2025-01-11,Kiran,Fashion,T-Shirt,3,50000.00,0.00,150000.00,0.00,150000.00,30000.00
1326,2025-12-16,Deepa,Grocery,Rice,4,800.00,5.00,3200.00,160.00,3040.00,608.00
1327,2025-01-21,Suresh,Fashion,Jeans,5,500.00,10.00,2500.00,250.00,2250.00,450.00
1328,2025-11-10,Kiran,Grocery,Sugar,9,5000.00,2.00,45000.00,900.00,44100.00,8820.00
1329,2025-05-23,Kiran,Electronics,Mobile,1,50000.00,0.00,50000.00,0.00,50000.00,10000.00
1330,2025-06-20,Suresh,Electronics,Laptop,8,500.00,0.00,4000.00,0.00,4000.00,800.00
1331,2025-12-02,Rahul,Electronics,Mobile,1,800.00,0.00,800.00,0.00,800.00,160.00
1332,2025-10-06,Pooja,Electronics,Headphones,5,800.00,0.00,4000.00,0.00,4000.00,800.00
1333,2025-07-08,Kiran,Electronics,Headphones,9,50000.00,10.00,450000.00,45000.00,405000.00,81000.00
1334,2025-06-14,Anil,Grocery,Rice,1,10000.00,5.00,10000.00,500.00,9500.00,1900.00
1335,2025-05-08,Ravi,Fashion,Shoes,10,20000.00,0.00,200000.00,0.00,200000.00,40000.00
1336,2025-01-12,Suresh,Electronics,Mobile,7,2500.00,0.00,17500.00,0.00,17500.00,3500.00
1337,2025-10-13,Priya,Electronics,Laptop,4,5000.00,2.00,20000.00,400.00,19600.00,3920.00
1338,2025-03-28,Lakshmi,Fashion,T-Shirt,7,2500.00,10.00,17500.00,1750.00,15750.00,3150.00
1339,2025-12-01,Deepa,Electronics,Laptop,2,2500.00,2.00,5000.00,100.00,4900.00,980.00
1340,2025-11-24,Anil,Fashion,Jeans,10,2500.00,2.00,25000.00,500.00,24500.00,4900.00
1341,2025-03-24,Rahul,Fashion,T-Shirt,4,1200.00,15.00,4800.00,720.00,4080.00,816.00
1342,2025-04-12,Suresh,Electronics,Laptop,2,800.00,15.00,1600.00,240.00,1360.00,272.00
1343,2025-07-06,Priya,Electronics,Headphones,8,50000.00,2.00,400000.00,8000.00,392000.00,78400.00
1344,2025-03-23,Rahul,Electronics,Mobile,5,50000.00,10.00,250000.00,25000.00,225000.00,45000.00
1345,2025-04-19,Suresh,Electronics,Laptop,3,2500.00,5.00,7500.00,375.00,7125.00,1425.00
1346,2025-04-24,Pooja,Grocery,Oil,5,10000.00,5.00,50000.00,2500.00,47500.00,9500.00
1347,2025-09-03,Suresh,Fashion,Shoes,7,5000.00,10.00,35000.00,3500.00,31500.00,6300.00
1348,2025-01-12,Lakshmi,Electronics,Headphones,6,500.00,2.00,3000.00,60.00,2940.00,588.00
1349,2025-06-06,Ravi,Electronics,Laptop,6,800.00,2.00,4800.00,96.00,4704.00,940.80
1350,2025-03-21,Anil,Electronics,Laptop,3,10000.00,2.00,30000.00,600.00,29400.00,5880.00
1351,2025-01-26,Lakshmi,Electronics,Laptop,5,50000.00,2.00,250000.00,5000.00,245000.00,49000.00
1352,2025-06-06,Lakshmi,Fashion,Shoes,9,5000.00,15.00,45000.00,6750.00,38250.00,7650.00
1353,2025-06-03,Anil,Grocery,Rice,1,1200.00,2.00,1200.00,24.00,1176.00,235.20
1354,2025-12-21,Suresh,Electronics,Headphones,3,800.00,5.00,2400.00,120.00,2280.00,456.00
1355,2025-02-05,Kiran,Fashion,Jeans,3,10000.00,0.00,30000.00,0.00,30000.00,6000.00
1356,2025-11-30,Priya,Grocery,Rice,4,2500.00,10.00,10000.00,1000.00,9000.00,1800.00
1357,2025-06-05,Anil,Electronics,Mobile,3,800.00,2.00,2400.00,48.00,2352.00,470.40
1358,2025-12-04,Kiran,Electronics,Laptop,9,800.00,10.00,7200.00,720.00,6480.00,1296.00
1359,2025-05-31,Anil,Grocery,Rice,3,20000.00,15.00,60000.00,9000.00,51000.00,10200.00
1360,2025-02-01,Suresh,Grocery,Oil,9,1200.00,15.00,10800.00,1620.00,9180.00,1836.00
1361,2025-12-25,Kiran,Grocery,Oil,1,20000.00,15.00,20000.00,3000.00,17000.00,3400.00
1362,2025-01-14,Ravi,Electronics,Laptop,9,50000.00,5.00,450000.00,22500.00,427500.00,85500.00
1363,2025-05-02,Kiran,Electronics,Headphones,5,10000.00,15.00,50000.00,7500.00,42500.00,8500.00
1364,2025-08-14,Anil,Fashion,Shoes,3,50000.00,2.00,150000.00,3000.00,147000.00,29400.00
1365,2025-09-20,Rahul,Grocery,Sugar,3,800.00,2.00,2400.00,48.00,2352.00,470.40
1366,2025-05-14,Naveen,Fashion,Shoes,4,1200.00,2.00,4800.00,96.00,4704.00,940.80
1367,2025-11-23,Suresh,Grocery,Sugar,10,1200.00,10.00,12000.00,1200.00,10800.00,2160.00
1368,2025-01-28,Priya,Electronics,Laptop,9,2500.00,2.00,22500.00,450.00,22050.00,4410.00
1369,2025-12-03,Anil,Grocery,Rice,5,10000.00,15.00,50000.00,7500.00,42500.00,8500.00
1370,2025-09-29,Priya,Electronics,Laptop,4,5000.00,5.00,20000.00,1000.00,19000.00,3800.00
1371,2025-08-15,Lakshmi,Grocery,Sugar,3,800.00,2.00,2400.00,48.00,2352.00,470.40
1372,2025-10-19,Priya,Electronics,Mobile,4,800.00,5.00,3200.00,160.00,3040.00,608.00
1373,2025-01-03,Ravi,Grocery,Rice,8,10000.00,2.00,80000.00,1600.00,78400.00,15680.00
1374,2025-08-07,Deepa,Grocery,Oil,4,2500.00,0.00,10000.00,0.00,10000.00,2000.00
1375,2025-12-28,Priya,Electronics,Mobile,3,2500.00,2.00,7500.00,150.00,7350.00,1470.00
1376,2025-11-19,Deepa,Electronics,Headphones,6,20000.00,5.00,120000.00,6000.00,114000.00,22800.00
1377,2025-05-30,Suresh,Grocery,Sugar,4,500.00,0.00,2000.00,0.00,2000.00,400.00
1378,2025-01-24,Pooja,Electronics,Mobile,4,10000.00,2.00,40000.00,800.00,39200.00,7840.00
1379,2025-03-25,Kiran,Grocery,Sugar,3,20000.00,10.00,60000.00,6000.00,54000.00,10800.00
1380,2025-08-31,Deepa,Grocery,Sugar,2,500.00,0.00,1000.00,0.00,1000.00,200.00
1381,2025-03-24,Deepa,Electronics,Laptop,1,10000.00,2.00,10000.00,200.00,9800.00,1960.00
1382,2025-12-31,Suresh,Electronics,Laptop,7,50000.00,0.00,350000.00,0.00,350000.00,70000.00
1383,2025-08-28,Kiran,Fashion,T-Shirt,7,500.00,10.00,3500.00,350.00,3150.00,630.00
1384,2025-02-11,Rahul,Grocery,Sugar,8,5000.00,10.00,40000.00,4000.00,36000.00,7200.00
1385,2025-08-25,Rahul,Fashion,Jeans,2,500.00,5.00,1000.00,50.00,950.00,190.00
1386,2025-02-05,Deepa,Electronics,Laptop,2,500.00,15.00,1000.00,150.00,850.00,170.00
1387,2025-10-08,Kiran,Electronics,Mobile,10,5000.00,15.00,50000.00,7500.00,42500.00,8500.00
1388,2025-08-02,Lakshmi,Grocery,Oil,5,50000.00,2.00,250000.00,5000.00,245000.00,49000.00
1389,2025-11-28,Naveen,Grocery,Sugar,2,1200.00,2.00,2400.00,48.00,2352.00,470.40
1390,2025-11-29,Suresh,Electronics,Headphones,5,2500.00,2.00,12500.00,250.00,12250.00,2450.00
1391,2025-03-24,Anil,Fashion,T-Shirt,10,800.00,5.00,8000.00,400.00,7600.00,1520.00
1392,2025-09-18,Kiran,Electronics,Laptop,1,50000.00,5.00,50000.00,2500.00,47500.00,9500.00
1393,2025-08-19,Rahul,Electronics,Laptop,7,5000.00,2.00,35000.00,700.00,34300.00,6860.00
1394,2025-08-20,Naveen,Fashion,Shoes,9,800.00,10.00,7200.00,720.00,6480.00,1296.00
1395,2025-07-30,Deepa,Fashion,Shoes,1,500.00,5.00,500.00,25.00,475.00,95.00
1396,2025-04-03,Rahul,Fashion,T-Shirt,1,500.00,5.00,500.00,25.00,475.00,95.00
1397,2025-02-05,Pooja,Grocery,Rice,1,50000.00,10.00,50000.00,5000.00,45000.00,9000.00
1398,2025-02-10,Rahul,Grocery,Oil,6,50000.00,5.00,300000.00,15000.00,285000.00,57000.00
1399,2025-04-28,Pooja,Fashion,Jeans,2,50000.00,10.00,100000.00,10000.00,90000.00,18000.00
1400,2025-10-07,Lakshmi,Grocery,Rice,5,20000.00,10.00,100000.00,10000.00,90000.00,18000.00
1401,2025-09-24,Pooja,Electronics,Mobile,8,50000.00,2.00,400000.00,8000.00,392000.00,78400.00
1402,2025-09-08,Rahul,Electronics,Headphones,5,2500.00,15.00,12500.00,1875.00,10625.00,2125.00
1403,2025-06-22,Priya,Electronics,Mobile,1,1200.00,5.00,1200.00,60.00,1140.00,228.00
1404,2025-11-09,Naveen,Electronics,Headphones,8,1200.00,0.00,9600.00,0.00,9600.00,1920.00
1405,2025-07-06,Ravi,Fashion,Jeans,3,20000.00,5.00,60000.00,3000.00,57000.00,11400.00
1406,2025-11-29,Pooja,Grocery,Sugar,3,50000.00,0.00,150000.00,0.00,150000.00,30000.00
1407,2025-02-20,Pooja,Grocery,Rice,7,50000.00,15.00,350000.00,52500.00,297500.00,59500.00
1408,2025-10-04,Kiran,Electronics,Headphones,10,2500.00,15.00,25000.00,3750.00,21250.00,4250.00
1409,2025-07-12,Pooja,Fashion,Shoes,9,800.00,10.00,7200.00,720.00,6480.00,1296.00
1410,2025-08-05,Ravi,Electronics,Mobile,7,20000.00,10.00,140000.00,14000.00,126000.00,25200.00
1411,2025-05-30,Suresh,Grocery,Sugar,8,10000.00,15.00,80000.00,12000.00,68000.00,13600.00
1412,2025-01-01,Priya,Grocery,Sugar,2,1200.00,5.00,2400.00,120.00,2280.00,456.00
1413,2025-11-27,Kiran,Electronics,Laptop,5,800.00,15.00,4000.00,600.00,3400.00,680.00
1414,2025-11-10,Anil,Grocery,Oil,10,50000.00,0.00,500000.00,0.00,500000.00,100000.00
1415,2025-02-02,Naveen,Fashion,Shoes,2,50000.00,10.00,100000.00,10000.00,90000.00,18000.00
1416,2025-12-13,Naveen,Fashion,Jeans,3,20000.00,15.00,60000.00,9000.00,51000.00,10200.00
1417,2025-10-02,Kiran,Electronics,Mobile,8,1200.00,5.00,9600.00,480.00,9120.00,1824.00
1418,2025-02-24,Ravi,Fashion,Shoes,4,50000.00,15.00,200000.00,30000.00,170000.00,34000.00
1419,2025-09-18,Pooja,Electronics,Laptop,8,5000.00,5.00,40000.00,2000.00,38000.00,7600.00
1420,2025-12-18,Priya,Grocery,Sugar,4,50000.00,2.00,200000.00,4000.00,196000.00,39200.00
1421,2025-08-30,Suresh,Fashion,Shoes,4,10000.00,2.00,40000.00,800.00,39200.00,7840.00
1422,2025-07-15,Pooja,Fashion,Shoes,7,10000.00,2.00,70000.00,1400.00,68600.00,13720.00
1423,2025-02-10,Deepa,Fashion,Jeans,10,20000.00,15.00,200000.00,30000.00,170000.00,34000.00
1424,2025-02-12,Naveen,Grocery,Rice,10,800.00,5.00,8000.00,400.00,7600.00,1520.00
1425,2025-07-15,Suresh,Electronics,Laptop,7,50000.00,10.00,350000.00,35000.00,315000.00,63000.00
1426,2025-10-09,Ravi,Grocery,Rice,9,500.00,2.00,4500.00,90.00,4410.00,882.00
1427,2025-02-03,Kiran,Grocery,Sugar,4,800.00,15.00,3200.00,480.00,2720.00,544.00
1428,2025-08-26,Anil,Electronics,Mobile,3,2500.00,2.00,7500.00,150.00,7350.00,1470.00
1429,2025-06-18,Anil,Fashion,T-Shirt,10,2500.00,5.00,25000.00,1250.00,23750.00,4750.00
1430,2025-07-27,Lakshmi,Grocery,Sugar,1,500.00,2.00,500.00,10.00,490.00,98.00
1431,2025-07-24,Deepa,Fashion,T-Shirt,9,1200.00,10.00,10800.00,1080.00,9720.00,1944.00
1432,2025-08-10,Priya,Fashion,Jeans,2,5000.00,10.00,10000.00,1000.00,9000.00,1800.00
1433,2025-08-13,Lakshmi,Electronics,Mobile,5,10000.00,2.00,50000.00,1000.00,49000.00,9800.00
1434,2025-06-14,Ravi,Fashion,T-Shirt,6,1200.00,10.00,7200.00,720.00,6480.00,1296.00
1435,2025-10-02,Anil,Grocery,Rice,2,10000.00,5.00,20000.00,1000.00,19000.00,3800.00
1436,2025-10-08,Naveen,Electronics,Laptop,3,800.00,5.00,2400.00,120.00,2280.00,456.00
1437,2025-05-10,Rahul,Fashion,T-Shirt,4,2500.00,10.00,10000.00,1000.00,9000.00,1800.00
1438,2025-11-23,Pooja,Electronics,Mobile,1,10000.00,0.00,10000.00,0.00,10000.00,2000.00
1439,2025-10-24,Naveen,Grocery,Oil,6,20000.00,5.00,120000.00,6000.00,114000.00,22800.00
1440,2025-03-12,Pooja,Electronics,Mobile,7,5000.00,0.00,35000.00,0.00,35000.00,7000.00
1441,2025-10-23,Lakshmi,Fashion,Jeans,4,10000.00,0.00,40000.00,0.00,40000.00,8000.00
1442,2025-05-12,Suresh,Electronics,Laptop,8,800.00,0.00,6400.00,0.00,6400.00,1280.00
1443,2025-08-12,Priya,Grocery,Sugar,1,10000.00,0.00,10000.00,0.00,10000.00,2000.00
1444,2025-08-16,Lakshmi,Electronics,Laptop,10,800.00,5.00,8000.00,400.00,7600.00,1520.00
1445,2025-12-10,Priya,Fashion,Jeans,7,1200.00,5.00,8400.00,420.00,7980.00,1596.00
1446,2025-04-15,Priya,Grocery,Rice,6,50000.00,2.00,300000.00,6000.00,294000.00,58800.00
1447,2025-11-01,Naveen,Fashion,Jeans,1,50000.00,0.00,50000.00,0.00,50000.00,10000.00
1448,2025-03-11,Pooja,Grocery,Sugar,3,1200.00,10.00,3600.00,360.00,3240.00,648.00
1449,2025-02-23,Pooja,Electronics,Mobile,3,5000.00,5.00,15000.00,750.00,14250.00,2850.00
1450,2025-08-26,Priya,Electronics,Laptop,5,1200.00,5.00,6000.00,300.00,5700.00,1140.00
1451,2025-05-05,Anil,Grocery,Oil,10,20000.00,0.00,200000.00,0.00,200000.00,40000.00
1452,2025-06-23,Anil,Fashion,T-Shirt,2,5000.00,10.00,10000.00,1000.00,9000.00,1800.00
1453,2025-10-04,Pooja,Fashion,Shoes,5,50000.00,2.00,250000.00,5000.00,245000.00,49000.00
1454,2025-05-29,Lakshmi,Fashion,Jeans,3,20000.00,0.00,60000.00,0.00,60000.00,12000.00
1455,2025-06-07,Ravi,Electronics,Mobile,1,10000.00,5.00,10000.00,500.00,9500.00,1900.00
1456,2025-04-09,Rahul,Fashion,Jeans,8,50000.00,5.00,400000.00,20000.00,380000.00,76000.00
1457,2025-11-03,Priya,Electronics,Laptop,4,10000.00,5.00,40000.00,2000.00,38000.00,7600.00
1458,2025-01-23,Rahul,Fashion,Jeans,7,5000.00,2.00,35000.00,700.00,34300.00,6860.00
1459,2025-04-07,Suresh,Electronics,Laptop,10,800.00,5.00,8000.00,400.00,7600.00,1520.00
1460,2025-01-11,Deepa,Fashion,T-Shirt,2,10000.00,10.00,20000.00,2000.00,18000.00,3600.00
1461,2025-05-27,Rahul,Fashion,T-Shirt,3,800.00,15.00,2400.00,360.00,2040.00,408.00
1462,2025-10-12,Pooja,Fashion,Shoes,8,800.00,15.00,6400.00,960.00,5440.00,1088.00
1463,2025-12-18,Lakshmi,Fashion,Shoes,4,50000.00,0.00,200000.00,0.00,200000.00,40000.00
1464,2025-07-19,Deepa,Electronics,Laptop,4,800.00,2.00,3200.00,64.00,3136.00,627.20
1465,2025-01-27,Pooja,Electronics,Mobile,4,1200.00,0.00,4800.00,0.00,4800.00,960.00
1466,2025-12-18,Naveen,Electronics,Laptop,1,50000.00,0.00,50000.00,0.00,50000.00,10000.00
1467,2025-04-13,Deepa,Fashion,Shoes,5,500.00,15.00,2500.00,375.00,2125.00,425.00
1468,2025-07-05,Suresh,Grocery,Oil,4,50000.00,5.00,200000.00,10000.00,190000.00,38000.00
1469,2025-06-09,Rahul,Grocery,Rice,10,2500.00,2.00,25000.00,500.00,24500.00,4900.00
1470,2025-10-18,Rahul,Electronics,Headphones,9,500.00,15.00,4500.00,675.00,3825.00,765.00
1471,2025-05-07,Ravi,Electronics,Headphones,7,10000.00,5.00,70000.00,3500.00,66500.00,13300.00
1472,2025-07-07,Priya,Electronics,Headphones,4,500.00,10.00,2000.00,200.00,1800.00,360.00
1473,2025-04-23,Ravi,Electronics,Headphones,9,10000.00,10.00,90000.00,9000.00,81000.00,16200.00
1474,2025-01-20,Ravi,Grocery,Oil,2,50000.00,10.00,100000.00,10000.00,90000.00,18000.00
1475,2025-02-21,Rahul,Electronics,Headphones,6,10000.00,0.00,60000.00,0.00,60000.00,12000.00
1476,2025-04-19,Lakshmi,Grocery,Rice,6,800.00,5.00,4800.00,240.00,4560.00,912.00
1477,2025-10-17,Anil,Electronics,Mobile,9,20000.00,10.00,180000.00,18000.00,162000.00,32400.00
1478,2025-06-05,Priya,Fashion,Jeans,7,800.00,10.00,5600.00,560.00,5040.00,1008.00
1479,2025-01-27,Anil,Grocery,Rice,2,20000.00,10.00,40000.00,4000.00,36000.00,7200.00
1480,2025-01-13,Deepa,Grocery,Rice,3,2500.00,2.00,7500.00,150.00,7350.00,1470.00
1481,2025-08-06,Kiran,Electronics,Mobile,6,800.00,10.00,4800.00,480.00,4320.00,864.00
1482,2025-10-31,Pooja,Grocery,Rice,1,500.00,2.00,500.00,10.00,490.00,98.00
1483,2025-10-09,Ravi,Fashion,Jeans,6,2500.00,0.00,15000.00,0.00,15000.00,3000.00
1484,2025-05-15,Priya,Grocery,Sugar,4,800.00,10.00,3200.00,320.00,2880.00,576.00
1485,2025-12-27,Priya,Fashion,Jeans,2,800.00,5.00,1600.00,80.00,1520.00,304.00
1486,2025-09-03,Priya,Grocery,Sugar,5,20000.00,5.00,100000.00,5000.00,95000.00,19000.00
1487,2025-10-01,Anil,Electronics,Mobile,7,800.00,10.00,5600.00,560.00,5040.00,1008.00
1488,2025-10-16,Ravi,Electronics,Mobile,4,2500.00,10.00,10000.00,1000.00,9000.00,1800.00
1489,2025-12-26,Deepa,Grocery,Rice,5,20000.00,5.00,100000.00,5000.00,95000.00,19000.00
1490,2025-07-05,Anil,Fashion,Shoes,3,10000.00,15.00,30000.00,4500.00,25500.00,5100.00
1491,2025-06-01,Rahul,Fashion,Shoes,6,500.00,2.00,3000.00,60.00,2940.00,588.00
1492,2025-03-09,Kiran,Grocery,Oil,4,800.00,0.00,3200.00,0.00,3200.00,640.00
1493,2025-11-11,Lakshmi,Grocery,Sugar,2,20000.00,15.00,40000.00,6000.00,34000.00,6800.00
1494,2025-01-11,Rahul,Electronics,Headphones,9,1200.00,2.00,10800.00,216.00,10584.00,2116.80
1495,2025-01-05,Deepa,Fashion,Jeans,9,5000.00,0.00,45000.00,0.00,45000.00,9000.00
1496,2025-02-23,Lakshmi,Electronics,Laptop,3,800.00,10.00,2400.00,240.00,2160.00,432.00
1497,2025-02-07,Kiran,Fashion,T-Shirt,9,20000.00,2.00,180000.00,3600.00,176400.00,35280.00
1498,2025-06-01,Priya,Grocery,Sugar,9,20000.00,5.00,180000.00,9000.00,171000.00,34200.00
1499,2025-05-01,Deepa,Fashion,Jeans,9,10000.00,0.00,90000.00,0.00,90000.00,18000.00
1500,2025-01-22,Priya,Electronics,Mobile,6,20000.00,15.00,120000.00,18000.00,102000.00,20400.00
